<metadata><idinfo><citation><citeinfo><origin>US Dept. of Transportation - Federal Highway Administration; Pacific Western Technologies, LTD.</origin><pubdate>2006</pubdate><title>Trails</title><geoform>vector digital data</geoform><serinfo><sername>US Fish and Wildlife Service - Hiking Trails Inventory</sername><issue>Cycle 1</issue></serinfo><pubinfo><pubplace>Lakewood, Colorado</pubplace><publish>US Dept. of Transportation - Federal Highway Administration; Pacific Western Technologies, LTD</publish></pubinfo><onlink>\\DFH9JWH1\H$\TRAILS\TrailCycle1.mdb</onlink></citeinfo></citation><descript><abstract>U.S. Fish and Wildlife Service Trail Inventory</abstract><purpose>Create a baseline inventory of all non-motorized trails on U.S. Fish and Wildlife Service Stations.  Trails in this inventory are eligible for funding under the Refuge Roads Program (SAFETEA_LU).</purpose></descript><timeperd><timeinfo><mdattim><sngdate><caldate>2006</caldate></sngdate></mdattim><sngdate><caldate>REQUIRED: The year (and optionally month, or month and day) for which the data set corresponds to the ground.</caldate></sngdate></timeinfo><current>2-3 year project</current></timeperd><status><progress>In work</progress><update>As needed</update></status><spdom><bounding><westbc>-159.477289</westbc><eastbc>-65.545073</eastbc><northbc>62.799396</northbc><southbc>17.951433</southbc></bounding></spdom><keywords><theme><themekt>Hiking trails</themekt><themekey>Trails</themekey><themekey>GPS</themekey><themekey>GIS</themekey><themekey>Inventory</themekey><themekey>U.S. Fish and Wildlife Service</themekey></theme><place><placekey>United States and territories</placekey></place></keywords><accconst>US Fish and Wildlife Service, US Dept. of Transportation (Federal Highway Administration), Pacific Western Technologies, LTD.</accconst><useconst>Use restricted to US Fish and Wildlife Service and US Dept. of Transportation (Federal Highway Administration) intentions</useconst><ptcontac><cntinfo><cntperp><cntper>Aaron Sanford</cntper><cntorg>US Dept. of Transportation - Federal Highway Administration</cntorg></cntperp><cntpos>Roads Inventory Specialist</cntpos><cntaddr><addrtype>mailing and physical address</addrtype><address>12300 West Dakota Ave. Suite 380</address><city>Lakewood</city><state>Colorado</state><postal>80228</postal><country>USA</country></cntaddr><cntvoice>(720) 963-3566</cntvoice><cntfax>(720) 963-3573</cntfax><cntemail>Aaron.Sanford@fhwa.dot.gov</cntemail></cntinfo></ptcontac><datacred>Federal Highway Administration, Central Federal Lands; Pacific Western Technologies, Utah Local Technology Assistance Program</datacred><native>Microsoft Windows XP Version 5.1 (Build 2600) Service Pack 3; ESRI ArcCatalog 9.3.1.1850</native></idinfo><dataqual><posacc><horizpa><horizpar>&lt;1 - 10 meters</horizpar></horizpa><vertacc><vertaccr>1 - 10 meters</vertaccr></vertacc></posacc><lineage><srcinfo><typesrc>CD-ROM</typesrc></srcinfo><procstep><procdesc>Metadata imported.</procdesc><srcused>G:\TRAILS\Trails Report Templates\Metadata\Trail_metadata_template.xml</srcused></procstep><procstep><procdesc>Dataset copied.</procdesc><srcused>G:\TRAILS\Region_7\AlMa\Cycle_1\GIS\Shapefiles\Trail</srcused></procstep><procstep><procdesc>Dataset copied.</procdesc><srcused>G:\TRAILS\Region_7\State report\Alaska\Shapefiles\Alaska_Trails</srcused></procstep><procstep><procdesc>Metadata imported.</procdesc><srcused>C:\DOCUME~1\Cherie\LOCALS~1\Temp\xml3FE3.tmp</srcused><procdate>20101011</procdate><proctime>14205700</proctime></procstep></lineage></dataqual><spdoinfo><direct>Vector</direct><ptvctinf><esriterm Name="FWS_Trans_Trails"><efeatyp Sync="TRUE">Simple</efeatyp><efeageom code="3" Sync="TRUE"></efeageom><esritopo Sync="TRUE">FALSE</esritopo><efeacnt Sync="TRUE">0</efeacnt><spindex Sync="TRUE">TRUE</spindex><linrefer Sync="TRUE">TRUE</linrefer></esriterm></ptvctinf></spdoinfo><spref><horizsys><geograph><latres>0.000000</latres><longres>0.000000</longres><geogunit>Decimal degrees</geogunit></geograph><geodetic><horizdn>D_WGS_1984</horizdn><ellips>WGS_1984</ellips><semiaxis>6378137.000000</semiaxis><denflat>298.257224</denflat></geodetic></horizsys><vertdef><altsys><altres>0.000100</altres><altenc>Explicit elevation coordinate included with horizontal coordinates</altenc></altsys></vertdef></spref><eainfo><detailed Name="FWS_Trans_Trails"><enttyp><enttypl>Trails_C2_C3</enttypl><enttypt Sync="TRUE">Feature Class</enttypt><enttypc Sync="TRUE">0</enttypc></enttyp><attr><attrlabl>Name</attrlabl><attrdef>Feature geometry.</attrdef><attrdefs>ESRI</attrdefs><attrdomv><udom>Coordinates defining the features.</udom></attrdomv><attalias Sync="TRUE">Shape</attalias><attrtype Sync="TRUE">Geometry</attrtype><attwidth Sync="TRUE">0</attwidth><atprecis Sync="TRUE">0</atprecis><attscale Sync="TRUE">0</attscale></attr><attr><attrlabl>Shape</attrlabl><attrdef>Feature geometry.</attrdef><attrdefs>ESRI</attrdefs><attrdomv><udom>Coordinates defining the features.</udom></attrdomv><attalias Sync="TRUE">ORG_CODE</attalias><attrtype Sync="TRUE">Integer</attrtype><attwidth Sync="TRUE">4</attwidth><atprecis Sync="TRUE">0</atprecis><attscale Sync="TRUE">0</attscale></attr><attr><attrlabl>ORG_CODE</attrlabl><attalias Sync="TRUE">TRAIL_NO</attalias><attrtype Sync="TRUE">String</attrtype><attwidth Sync="TRUE">8</attwidth><atprecis Sync="TRUE">0</atprecis><attscale Sync="TRUE">0</attscale></attr><attr><attrlabl>TRAIL_NO</attrlabl><attalias Sync="TRUE">TRAIL_DESC</attalias><attrtype Sync="TRUE">String</attrtype><attwidth Sync="TRUE">104</attwidth><atprecis Sync="TRUE">0</atprecis><attscale Sync="TRUE">0</attscale></attr><attr><attrlabl>Trail_Desc</attrlabl><attrdef>Internal feature number.</attrdef><attrdefs>ESRI</attrdefs><attrdomv><udom>Sequential unique whole numbers that are automatically generated.</udom></attrdomv><attalias Sync="TRUE">TR_LENGTH</attalias><attrtype Sync="TRUE">Double</attrtype><attwidth Sync="TRUE">8</attwidth><atprecis Sync="TRUE">0</atprecis><attscale Sync="TRUE">0</attscale></attr><attr><attrlabl>Tr_Length</attrlabl><attalias Sync="TRUE">Shape_Length</attalias><attrtype Sync="TRUE">Double</attrtype><attwidth Sync="TRUE">8</attwidth><atprecis Sync="TRUE">0</atprecis><attscale Sync="TRUE">0</attscale><attrdef Sync="TRUE">Length of feature in internal units.</attrdef><attrdefs Sync="TRUE">Esri</attrdefs><attrdomv><udom Sync="TRUE">Positive real numbers that are automatically generated.</udom></attrdomv></attr><attr><attrlabl>OBJECTID</attrlabl><attrdef>Internal feature number.</attrdef><attrdefs>ESRI</attrdefs><attrdomv><udom>Sequential unique whole numbers that are automatically generated.</udom></attrdomv><attalias Sync="TRUE">CYCLEID</attalias><attrtype Sync="TRUE">SmallInteger</attrtype><attwidth Sync="TRUE">2</attwidth><atprecis Sync="TRUE">0</atprecis><attscale Sync="TRUE">0</attscale></attr><attr><attrlabl>Shape_Length</attrlabl><attrdef>Length of feature in internal units.</attrdef><attrdefs>ESRI</attrdefs><attrdomv><udom>Positive real numbers that are automatically generated.</udom></attrdomv><attalias Sync="TRUE">NAME</attalias><attrtype Sync="TRUE">String</attrtype><attwidth Sync="TRUE">80</attwidth><atprecis Sync="TRUE">0</atprecis><attscale Sync="TRUE">0</attscale></attr><attr><attrlabl>NAME</attrlabl><attalias Sync="TRUE">TRAILID</attalias><attrtype Sync="TRUE">String</attrtype><attwidth Sync="TRUE">15</attwidth><atprecis Sync="TRUE">0</atprecis><attscale Sync="TRUE">0</attscale></attr><attr><attrlabl>TRAILID</attrlabl><attrdef>Internal feature number.</attrdef><attrdefs>ESRI</attrdefs><attrdomv><udom>Sequential unique whole numbers that are automatically generated.</udom></attrdomv><attalias Sync="TRUE">OBJECTID</attalias><attrtype Sync="TRUE">OID</attrtype><attwidth Sync="TRUE">4</attwidth><atprecis Sync="TRUE">0</atprecis><attscale Sync="TRUE">0</attscale></attr></detailed></eainfo><distinfo><resdesc>Downloadable Data</resdesc><stdorder><digform><digtinfo><transize>0.000</transize></digtinfo></digform></stdorder></distinfo><metainfo><metd>20101011</metd><metc><cntinfo><cntorgp><cntorg>US Dept. of Transportation - Federal Highway Administration</cntorg><cntper>Aaron Sanford</cntper></cntorgp><cntpos>Road Inventory Specialist</cntpos><cntaddr><addrtype>12300 West Dakota Ave. Suite 380</addrtype><city>Lakewood</city><state>CO</state><postal>80228</postal><country>USA</country></cntaddr><cntvoice>(720) 963-3566</cntvoice><cntfax>(720) 963-3573</cntfax><cntemail>Aaron.Sanford@fhwa.dot.gov</cntemail></cntinfo></metc><metstdn>FGDC Content Standards for Digital Geospatial Metadata</metstdn><metstdv>FGDC-STD-001-1998</metstdv><mettc>local time</mettc></metainfo><dataIdInfo><envirDesc>Microsoft Windows 7 Version 6.1 (Build 7600) ; ESRI ArcGIS 10.0.3.3600</envirDesc><dataLang><languageCode value="eng" country="USA"/><countryCode value="USA"/></dataLang><idCitation><resTitle>Trails_C2_C3</resTitle><presForm><PresFormCd value="005"/></presForm></idCitation><spatRpType><SpatRepTypCd value="001"/></spatRpType><dataExt><geoEle><GeoBndBox esriExtentType="native"><westBL>-159.477289</westBL><eastBL>-65.545073</eastBL><northBL>62.799396</northBL><southBL>17.951433</southBL><exTypeCode>1</exTypeCode></GeoBndBox></geoEle><vertEle><vertMinVal>-59.763899</vertMinVal><vertMaxVal>5541.952201</vertMaxVal></vertEle></dataExt><geoBox esriExtentType="decdegrees"><westBL>-159.477289</westBL><eastBL>-65.545073</eastBL><northBL>62.799396</northBL><southBL>17.951433</southBL><exTypeCode>1</exTypeCode></geoBox><descKeys><thesaName uuidref="723f6998-058e-11dc-8314-0800200c9a66"/><keyword>002</keyword></descKeys><dataExt><geoEle><GeoBndBox esriExtentType="search"><exTypeCode>1</exTypeCode><westBL>-177.395475</westBL><eastBL>144.857286</eastBL><northBL>63.203272</northBL><southBL>13.645377</southBL></GeoBndBox></geoEle></dataExt></dataIdInfo><mdLang><languageCode value="eng"/><countryCode value="USA"/></mdLang><mdStanName>ISO 19115 Geographic Information - Metadata</mdStanName><mdStanVer>DIS_ESRI1.0</mdStanVer><mdChar><CharSetCd value="004"/></mdChar><mdHrLv><ScopeCd value="005"/></mdHrLv><mdHrLvName>dataset</mdHrLvName><distInfo><distributor><distorTran><onLineSrc><orDesc>002</orDesc><linkage>file://\\DFH9JWH1\H$\TRAILS\TrailCycle1.mdb</linkage><protocol>Local Area Network</protocol></onLineSrc></distorTran><distorFormat><formatName>Personal GeoDatabase Feature Class</formatName></distorFormat></distributor><distFormat><formatName>File Geodatabase Feature Class</formatName></distFormat><distTranOps><transSize Sync="TRUE">0.014</transSize></distTranOps></distInfo><refSysInfo><RefSystem><refSysID><identCode code="4326" value="4326">GCS_WGS_1984</identCode><idCodeSpace>EPSG</idCodeSpace><idVersion>7.4.1</idVersion></refSysID></RefSystem></refSysInfo><spatRepInfo><VectSpatRep><geometObjs Name="FWS_Trans_Trails"><geoObjTyp><GeoObjTypCd value="002" Sync="TRUE"></GeoObjTypCd></geoObjTyp><geoObjCnt Sync="TRUE">0</geoObjCnt></geometObjs><topLvl><TopoLevCd value="001" Sync="TRUE"></TopoLevCd></topLvl></VectSpatRep></spatRepInfo><mdDateSt>20121204</mdDateSt><Esri><DataProperties><itemProps><itemName Sync="TRUE">FWS_Trans_Trails</itemName><imsContentType Sync="TRUE">002</imsContentType><itemLocation><linkage Sync="TRUE">file://\\ifw9bct-fp2.fws.doi.net\sharedfolders\DSS\GDS\GIS\FWS_DATA\FWS_Trans_Public.gdb</linkage><protocol Sync="TRUE">Local Area Network</protocol></itemLocation><itemSize Sync="TRUE">0.014</itemSize></itemProps><coordRef><type Sync="TRUE">Geographic</type><geogcsn Sync="TRUE">GCS_WGS_1984</geogcsn><csUnits Sync="TRUE">Angular Unit: Degree (0.017453)</csUnits><peXml Sync="TRUE">&lt;GeographicCoordinateSystem xsi:type='typens:GeographicCoordinateSystem' xmlns:xsi='http://www.w3.org/2001/XMLSchema-instance' xmlns:xs='http://www.w3.org/2001/XMLSchema' xmlns:typens='http://www.esri.com/schemas/ArcGIS/10.1'&gt;&lt;WKT&gt;GEOGCS[&amp;quot;GCS_WGS_1984&amp;quot;,DATUM[&amp;quot;D_WGS_1984&amp;quot;,SPHEROID[&amp;quot;WGS_1984&amp;quot;,6378137.0,298.257223563]],PRIMEM[&amp;quot;Greenwich&amp;quot;,0.0],UNIT[&amp;quot;Degree&amp;quot;,0.0174532925199433],AUTHORITY[&amp;quot;EPSG&amp;quot;,4326]]&lt;/WKT&gt;&lt;XOrigin&gt;-400&lt;/XOrigin&gt;&lt;YOrigin&gt;-400&lt;/YOrigin&gt;&lt;XYScale&gt;1111948742.96404&lt;/XYScale&gt;&lt;ZOrigin&gt;-5848.8403986726498&lt;/ZOrigin&gt;&lt;ZScale&gt;10000&lt;/ZScale&gt;&lt;MOrigin&gt;-1656687954.6366701&lt;/MOrigin&gt;&lt;MScale&gt;10000&lt;/MScale&gt;&lt;XYTolerance&gt;8.98315284119521e-009&lt;/XYTolerance&gt;&lt;ZTolerance&gt;0.001&lt;/ZTolerance&gt;&lt;MTolerance&gt;0.001&lt;/MTolerance&gt;&lt;HighPrecision&gt;true&lt;/HighPrecision&gt;&lt;LeftLongitude&gt;-180&lt;/LeftLongitude&gt;&lt;WKID&gt;4326&lt;/WKID&gt;&lt;LatestWKID&gt;4326&lt;/LatestWKID&gt;&lt;/GeographicCoordinateSystem&gt;</peXml></coordRef><lineage><Process ToolSource="c:\program files (x86)\arcgis\desktop10.1\ArcToolbox\Toolboxes\Conversion Tools.tbx\FeatureClassToFeatureClass" Date="20130705" Time="130525">FeatureClassToFeatureClass S:\DSS\GDS\GIS\FWS_DATA\FWS_Trans.gdb\FWS_Trans_Trails S:\DSS\GDS\GIS\FWS_DATA\FWS_Trans_Public.gdb FWS_Trans_Trails # "TRAIL_NO "TRAIL_NO" true true false 8 Text 0 0 ,First,#,S:\DSS\GDS\GIS\FWS_DATA\FWS_Trans.gdb\FWS_Trans_Trails,TRAIL_NO,-1,-1;NAME "NAME" true true false 80 Text 0 0 ,First,#,S:\DSS\GDS\GIS\FWS_DATA\FWS_Trans.gdb\FWS_Trans_Trails,NAME,-1,-1;TR_LENGTH "TR_LENGTH" true true false 8 Double 0 0 ,First,#,S:\DSS\GDS\GIS\FWS_DATA\FWS_Trans.gdb\FWS_Trans_Trails,TR_LENGTH,-1,-1;TRAIL_DESC "TRAIL_DESC" true true false 104 Text 0 0 ,First,#,S:\DSS\GDS\GIS\FWS_DATA\FWS_Trans.gdb\FWS_Trans_Trails,TRAIL_DESC,-1,-1;CYCLEID "CYCLEID" true true false 2 Short 0 0 ,First,#,S:\DSS\GDS\GIS\FWS_DATA\FWS_Trans.gdb\FWS_Trans_Trails,CYCLEID,-1,-1;ORG_CODE "ORG_CODE" true true false 4 Long 0 0 ,First,#,S:\DSS\GDS\GIS\FWS_DATA\FWS_Trans.gdb\FWS_Trans_Trails,ORG_CODE,-1,-1;TRAILID "TRAILID" true true false 15 Text 0 0 ,First,#,S:\DSS\GDS\GIS\FWS_DATA\FWS_Trans.gdb\FWS_Trans_Trails,TRAILID,-1,-1;Shape_Length "Shape_Length" false true true 8 Double 0 0 ,First,#,S:\DSS\GDS\GIS\FWS_DATA\FWS_Trans.gdb\FWS_Trans_Trails,Shape_Length,-1,-1" #</Process><Process ToolSource="c:\program files (x86)\arcgis\desktop10.1\ArcToolbox\Toolboxes\Data Management Tools.tbx\CopyFeatures" Date="20130710" Time="094950">CopyFeatures C:\Users\kelsner\Desktop\FWS_Trans\FWS_Trans.gdb\FWS_Trans_Trails C:\Users\kelsner\Desktop\Trans_test\FWS_Trans_Trails.shp # 0 0 0</Process></lineage></DataProperties><SyncDate>20130710</SyncDate><SyncTime>09494700</SyncTime><ModDate>20130710</ModDate><ModTime>09494700</ModTime></Esri></metadata>
