﻿<?xml version="1.0" encoding="utf-8" standalone="no"?>
<metadata>
  <idinfo>
    <citation>
      <citeinfo>
        <pubdate>20090801</pubdate>
        <title>North_American_Joint_Ventures_Albers</title>
        <geoform>vector digital data</geoform>
        <othercit>The U.S. Fish and Wildlife Service's (Service) manual (721 FW6) establishes policy and provides guidance for the establishment and organization of joint ventures receiving administrative funding through the Service. The policy and guidelines contained in this Order apply to all Service employees who are involved with the coordination and management of these joint ventures. Language from the Order follows:</othercit>
        <onlink>http://www.fws.gov/birdhabitat/JointVentures/files/North_American_Joint_Ventures_Albers.zip</onlink>
      </citeinfo>
    </citation>
    <descript>
      <abstract>A joint venture is a self-directed partnership of agencies, organizations, corporations, tribes, or individuals that has formally accepted the responsibility of implementing national or international bird conservation plans within a specific geographic area or for a specific taxonomic group, and has received general acceptance in the bird conservation community for such responsibility. Federal, state, tribal, or private parties may suggest the development of new joint ventures at any time. The initiating agency or organization will coordinate with potential partners to produce a scoping document or concept plan. circulate the document for review and comment by agencies, organizations, and individuals. Based on this review, a decision as to whether or not to form a management board and develop an implementation plan will be made. submit a draft implementation plan to the Division of Bird Habitat Conservation (Division), which will coordinate the review of the plan within the Service, with the appropriate Flyway Councils (Atlantic, Mississippi, Central, and Pacific), with the national or international boards that oversee the various bird conservation initiatives (North American Waterfowl Management Plan, U.S. Shorebird Conservation Plan, North American Waterbird Conservation Plan, and Partners in Flight), and other interested parties. Based on this review, the Division will determine whether or not a recommendation for Service support of the proposed joint venture should be made to the Director.</abstract>
      <purpose>Working both collectively and independently, joint venture partners conduct activities in support of bird conservation goals cooperatively developed by the partnership. These activities include biological planning, conservation design, and prioritization, project development and implementation, monitoring, evaluation, and applied research activities, communications and outreach, and fund-raising for projects and activities.</purpose>
      <supplinf>Federal, state, tribal, or private parties may suggest the development of new joint ventures at any time. The initiating agency or organization will coordinate with potential partners to produce a scoping document or concept plan. circulate the document for review and comment by agencies, organizations, and individuals. Based on this review, a decision as to whether or not to form a management board and develop an implementation plan will be made. submit a draft implementation plan to the Division of Bird Habitat Conservation (Division), which will coordinate the review of the plan within the Service, with the appropriate Flyway Councils (Atlantic, Mississippi, Central, and Pacific), with the national or international boards that oversee the various bird conservation initiatives (North American Waterfowl Management Plan, U.S. Shorebird Conservation Plan, North American Waterbird Conservation Plan, and Partners in Flight), and other interested parties. Based on this review, the Division will determine whether or not a recommendation for Service support of the proposed joint venture should be made to the Director.</supplinf>
    </descript>
    <timeperd>
      <timeinfo>
        <sngdate>
          <caldate>20090801</caldate>
        </sngdate>
      </timeinfo>
      <current>publication date</current>
    </timeperd>
    <status>
      <progress>Complete</progress>
      <update>As needed</update>
    </status>
    <spdom>
      <bounding>
        <westbc>-180.000000</westbc>
        <eastbc>180.000000</eastbc>
        <northbc>90.000000</northbc>
        <southbc>3.513484</southbc>
      </bounding>
    </spdom>
    <keywords>
      <theme>
        <themekt>None</themekt>
        <themekey>Habitat Conservation Joint Venture boundaries, Habitat Conservation, Environment and Conservation</themekey>
      </theme>
      <place>
        <placekt>None</placekt>
        <placekey>USA</placekey>
      </place>
    </keywords>
    <accconst>Inherent in any data set used to develop graphical representations, are limitations of accuracy as determined by, among others, the source, scale and resolution of the data. While the USFWS makes every effort to represent the data as completely and accurately as possible (given existing time and resource constraints), the USFWS gives no warranty, expressed or implied, as to the accuracy, reliability, or completeness of these data. In addition, the USFWS shall not be held liable for improper or incorrect use of the data described and/or contained in. Graphical representations provided by the use of this data do not represent a legal description of any kind.</accconst>
    <ptcontac>
      <cntinfo>
        <cntorgp>
          <cntorg>U.S. Fish and Wildlife Service</cntorg>
        </cntorgp>
        <cntpos>Joint Venture National Coordinator</cntpos>
        <cntaddr>
          <addrtype>mailing address</addrtype>
          <address>4401 N. Farifax Drive, MBSP 4075</address>
          <city>Arlington</city>
          <state>VA</state>
          <postal>22203</postal>
        </cntaddr>
        <cntvoice>703-358-1888</cntvoice>
      </cntinfo>
    </ptcontac>
    <datacred>U.S. Fish &amp; Wildlife Service</datacred>
    <native>Microsoft Windows Server 2008 R2 Version 6.1 (Build 7600) ; ESRI ArcGIS 10.0.0.2414</native>
  </idinfo>
  <dataqual>
    <attracc>
      <attraccr>Not Available</attraccr>
    </attracc>
    <lineage>
      <procstep>
        <procdesc>Joint Venture areas were compiled.</procdesc>
        <procdate>20090801</procdate>
      </procstep>
    </lineage>
  </dataqual>
  <spdoinfo>
    <direct>Vector</direct>
    <ptvctinf>
      <esriterm Name="North_American_Joint_Ventures_Albers_2012_revision">
        <efeatyp Sync="TRUE">Simple</efeatyp>
        <efeageom code="4" Sync="TRUE"></efeageom>
        <esritopo Sync="TRUE">FALSE</esritopo>
        <efeacnt Sync="TRUE">22</efeacnt>
        <spindex Sync="TRUE">TRUE</spindex>
        <linrefer Sync="TRUE">FALSE</linrefer>
      </esriterm>
    </ptvctinf>
  </spdoinfo>
  <spref>
    <horizsys>
      <planar>
        <planci>
          <plance>coordinate pair</plance>
          <coordrep>
            <absres>0.0000000037527980722984474</absres>
            <ordres>0.0000000037527980722984474</ordres>
          </coordrep>
          <plandu>Meter</plandu>
        </planci>
      </planar>
      <geodetic>
        <horizdn>D North American 1983</horizdn>
        <ellips>GRS 1980</ellips>
        <semiaxis>6378137.0</semiaxis>
        <denflat>298.257222101</denflat>
      </geodetic>
    </horizsys>
  </spref>
  <eainfo>
    <detailed Name="North_American_Joint_Ventures_Albers_2012_revision">
      <enttyp>
        <enttypl>North_American_Joint_Ventures_Albers</enttypl>
        <enttypd>Bird habitat conservation Joint Venture areas</enttypd>
        <enttypds>U.S. Fish and Wildlife Service</enttypds>
        <enttypt Sync="TRUE">Feature Class</enttypt>
        <enttypc Sync="TRUE">22</enttypc>
      </enttyp>
      <attr>
        <attrlabl>FID</attrlabl>
        <attrdef>Internal feature number.</attrdef>
        <attrdefs>ESRI</attrdefs>
        <attrdomv>
          <udom>Sequential unique whole numbers that are automatically generated.</udom>
        </attrdomv>
        <attalias Sync="TRUE">FID</attalias>
        <attrtype Sync="TRUE">OID</attrtype>
        <attwidth Sync="TRUE">4</attwidth>
        <atprecis Sync="TRUE">0</atprecis>
        <attscale Sync="TRUE">0</attscale>
      </attr>
      <attr>
        <attrlabl>Shape</attrlabl>
        <attrdef>Feature geometry.</attrdef>
        <attrdefs>ESRI</attrdefs>
        <attrdomv>
          <udom>Coordinates defining the features.</udom>
        </attrdomv>
        <attalias Sync="TRUE">Shape</attalias>
        <attrtype Sync="TRUE">Geometry</attrtype>
        <attwidth Sync="TRUE">0</attwidth>
        <atprecis Sync="TRUE">0</atprecis>
        <attscale Sync="TRUE">0</attscale>
      </attr>
      <attr>
        <attrlabl>JV</attrlabl>
        <attrdef>The name of the Joint Venture area</attrdef>
        <attrdefs>U.S. Fish and Wildlife Service</attrdefs>
        <attrdomv>
          <udom>Text string - Name of Joint Venture area.</udom>
        </attrdomv>
        <begdatea>20100401</begdatea>
        <attalias Sync="TRUE">JV</attalias>
        <attrtype Sync="TRUE">String</attrtype>
        <attwidth Sync="TRUE">60</attwidth>
        <atprecis Sync="TRUE">0</atprecis>
        <attscale Sync="TRUE">0</attscale>
      </attr>
      <attr>
        <attrlabl Sync="TRUE">Acres</attrlabl>
        <attalias Sync="TRUE">Acres</attalias>
        <attrtype Sync="TRUE">Single</attrtype>
        <attwidth Sync="TRUE">13</attwidth>
        <atprecis Sync="TRUE">0</atprecis>
        <attscale Sync="TRUE">0</attscale>
      </attr>
      <attr>
        <attrlabl Sync="TRUE">trans</attrlabl>
        <attalias Sync="TRUE">trans</attalias>
        <attrtype Sync="TRUE">SmallInteger</attrtype>
        <attwidth Sync="TRUE">4</attwidth>
        <atprecis Sync="TRUE">4</atprecis>
        <attscale Sync="TRUE">0</attscale>
      </attr>
    </detailed>
  </eainfo>
  <distinfo>
    <distrib>
      <cntinfo>
        <cntorgp>
          <cntorg>U.S. Fish &amp; Wildlife Service (USFWS), R9, Division of Bird Habitat Conservation</cntorg>
        </cntorgp>
        <cntpos>Joint Venture National Coordinator</cntpos>
        <cntaddr>
          <addrtype>mailing address</addrtype>
          <address>4401 N. Farifax Drive, MBSP 4075</address>
          <city>Arlington</city>
          <state>VA</state>
          <postal>22203</postal>
          <country>USA</country>
        </cntaddr>
      </cntinfo>
    </distrib>
    <distliab>See access and use constraints information.</distliab>
  </distinfo>
  <metainfo>
    <metd>20130201</metd>
    <metc>
      <cntinfo>
        <cntorgp>
          <cntorg>U.S. Fish and Wildlife Service</cntorg>
        </cntorgp>
        <cntpos>USFWS National GIS Coordinator</cntpos>
        <cntaddr>
          <addrtype>mailing address</addrtype>
          <address>IRTM - BCT</address>
          <address>PO Box 25207</address>
          <city>Denver</city>
          <state>CO</state>
          <postal>80225-0207</postal>
          <country>USA</country>
        </cntaddr>
        <cntvoice>303-274-3574</cntvoice>
      </cntinfo>
    </metc>
    <metstdn>FGDC Content Standard for Digital Geospatial Metadata</metstdn>
    <metstdv>FGDC-STD-001-1998</metstdv>
  </metainfo>
  <dataIdInfo>
    <envirDesc Sync="TRUE">Microsoft Windows 7 Version 6.1 (Build 7601) Service Pack 1; Esri ArcGIS 10.1.0.3035</envirDesc>
    <dataLang>
      <languageCode value="eng" country="USA"></languageCode>
      <countryCode value="USA" Sync="TRUE"></countryCode>
    </dataLang>
    <idCitation>
      <resTitle Sync="TRUE">North_American_Joint_Ventures_Albers_2012_revision</resTitle>
      <presForm>
        <PresFormCd value="005"></PresFormCd>
      </presForm>
    </idCitation>
    <descKeys>
      <thesaName uuidref="723f6998-058e-11dc-8314-0800200c9a66"></thesaName>
      <keyword Sync="TRUE">002</keyword>
    </descKeys>
    <spatRpType>
      <SpatRepTypCd value="001"></SpatRepTypCd>
    </spatRpType>
    <dataExt>
      <geoEle>
        <GeoBndBox esriExtentType="search">
          <westBL Sync="TRUE">-180.000000</westBL>
          <eastBL Sync="TRUE">180.000000</eastBL>
          <northBL Sync="TRUE">90.000000</northBL>
          <southBL Sync="TRUE">3.513484</southBL>
          <exTypeCode Sync="TRUE">1</exTypeCode>
        </GeoBndBox>
      </geoEle>
    </dataExt>
  </dataIdInfo>
  <mdLang>
    <languageCode value="eng"></languageCode>
    <countryCode value="USA" Sync="TRUE"></countryCode>
  </mdLang>
  <mdChar>
    <CharSetCd value="004"></CharSetCd>
  </mdChar>
  <Esri>
    <DataProperties>
      <itemProps>
        <itemName Sync="TRUE">North_American_Joint_Ventures_Albers_2012_revision</itemName>
        <imsContentType Sync="TRUE">002</imsContentType>
        <nativeExtBox>
          <westBL Sync="TRUE">-6293267.534776</westBL>
          <eastBL Sync="TRUE">3321522.000000</eastBL>
          <southBL Sync="TRUE">-228584.515140</southBL>
          <northBL Sync="TRUE">6198596.732640</northBL>
          <exTypeCode Sync="TRUE">1</exTypeCode>
        </nativeExtBox>
        <itemSize Sync="TRUE">13.151</itemSize>
        <itemLocation>
          <linkage Sync="TRUE">file://\\Kahuna\tongass\spatial\vector\National\Boundaries\Joint Ventures\North_American_Joint_Ventures_Albers_2012_revision.shp</linkage>
          <protocol Sync="TRUE">Local Area Network</protocol>
        </itemLocation>
      </itemProps>
      <coordRef>
        <type Sync="TRUE">Projected</type>
        <geogcsn Sync="TRUE">GCS_North_American_1983</geogcsn>
        <projcsn Sync="TRUE">Albers Conical Equal Area</projcsn>
        <peXml Sync="TRUE">&lt;ProjectedCoordinateSystem xsi:type='typens:ProjectedCoordinateSystem' xmlns:xsi='http://www.w3.org/2001/XMLSchema-instance' xmlns:xs='http://www.w3.org/2001/XMLSchema' xmlns:typens='http://www.esri.com/schemas/ArcGIS/10.1'&gt;&lt;WKT&gt;PROJCS[&amp;quot;Albers Conical Equal Area&amp;quot;,GEOGCS[&amp;quot;GCS_North_American_1983&amp;quot;,DATUM[&amp;quot;D_North_American_1983&amp;quot;,SPHEROID[&amp;quot;GRS_1980&amp;quot;,6378137.0,298.257222101]],PRIMEM[&amp;quot;Greenwich&amp;quot;,0.0],UNIT[&amp;quot;Degree&amp;quot;,0.0174532925199433]],PROJECTION[&amp;quot;Albers&amp;quot;],PARAMETER[&amp;quot;False_Easting&amp;quot;,0.0],PARAMETER[&amp;quot;False_Northing&amp;quot;,0.0],PARAMETER[&amp;quot;Central_Meridian&amp;quot;,-96.0],PARAMETER[&amp;quot;Standard_Parallel_1&amp;quot;,29.5],PARAMETER[&amp;quot;Standard_Parallel_2&amp;quot;,45.5],PARAMETER[&amp;quot;Latitude_Of_Origin&amp;quot;,23.0],UNIT[&amp;quot;Meter&amp;quot;,1.0]]&lt;/WKT&gt;&lt;XOrigin&gt;-16901100&lt;/XOrigin&gt;&lt;YOrigin&gt;-6972200&lt;/YOrigin&gt;&lt;XYScale&gt;266467840.99085236&lt;/XYScale&gt;&lt;ZOrigin&gt;-100000&lt;/ZOrigin&gt;&lt;ZScale&gt;10000&lt;/ZScale&gt;&lt;MOrigin&gt;-100000&lt;/MOrigin&gt;&lt;MScale&gt;10000&lt;/MScale&gt;&lt;XYTolerance&gt;0.001&lt;/XYTolerance&gt;&lt;ZTolerance&gt;0.001&lt;/ZTolerance&gt;&lt;MTolerance&gt;0.001&lt;/MTolerance&gt;&lt;HighPrecision&gt;true&lt;/HighPrecision&gt;&lt;/ProjectedCoordinateSystem&gt;</peXml>
        <csUnits Sync="TRUE">Linear Unit: Meter (1.000000)</csUnits>
      </coordRef>
      <copyHistory>
        <copy source="Y:\spatial\vector\National\Boundaries\Joint Ventures\North_American_Joint_Ventures_Albers" dest="\\Kahuna\tongass\spatial\vector\National\Boundaries\Joint Ventures\North_American_Joint_Ventures_AlbersCopy" date="20120523" time="14324400"></copy>
      </copyHistory>
      <lineage>
        <Process ToolSource="C:\Program Files (x86)\ArcGIS\Desktop10.0\ArcToolbox\Toolboxes\Data Management Tools.tbx\CalculateField" Date="20120711" Time="080857">CalculateField North_American_Joint_Ventures_Albers_2012_revision trans 60 VB #</Process>
        <Process ToolSource="C:\Program Files (x86)\ArcGIS\Desktop10.0\ArcToolbox\Toolboxes\Data Management Tools.tbx\CalculateField" Date="20120711" Time="081338">CalculateField North_American_Joint_Ventures_Albers_2012_revision trans 70 VB #</Process>
        <Process ToolSource="C:\Program Files (x86)\ArcGIS\Desktop10.0\ArcToolbox\Toolboxes\Data Management Tools.tbx\CalculateField" Date="20120711" Time="082115">CalculateField North_American_Joint_Ventures_Albers_2012_revision trans 50 VB #</Process>
        <Process ToolSource="C:\Program Files (x86)\ArcGIS\Desktop10.0\ArcToolbox\Toolboxes\Data Management Tools.tbx\CalculateField" Date="20120711" Time="082137">CalculateField North_American_Joint_Ventures_Albers_2012_revision trans 60 VB #</Process>
      </lineage>
    </DataProperties>
    <SyncDate>20121002</SyncDate>
    <SyncTime>09533600</SyncTime>
    <ModDate>20121002</ModDate>
    <ModTime>09533600</ModTime>
    <CreaDate>20120523</CreaDate>
    <CreaTime>14324400</CreaTime>
    <ArcGISstyle>FGDC CSDGM Metadata</ArcGISstyle>
    <SyncOnce>FALSE</SyncOnce>
  </Esri>
  <distInfo>
    <distFormat>
      <formatName Sync="TRUE">Shapefile</formatName>
    </distFormat>
    <distTranOps>
      <transSize Sync="TRUE">13.151</transSize>
    </distTranOps>
  </distInfo>
  <mdHrLv>
    <ScopeCd value="005"></ScopeCd>
  </mdHrLv>
  <mdHrLvName Sync="TRUE">dataset</mdHrLvName>
  <refSysInfo>
    <RefSystem>
      <refSysID>
        <identCode code="0"></identCode>
      </refSysID>
    </RefSystem>
  </refSysInfo>
  <spatRepInfo>
    <VectSpatRep>
      <geometObjs Name="North_American_Joint_Ventures_Albers_2012_revision">
        <geoObjTyp>
          <GeoObjTypCd value="002" Sync="TRUE"></GeoObjTypCd>
        </geoObjTyp>
        <geoObjCnt Sync="TRUE">22</geoObjCnt>
      </geometObjs>
      <topLvl>
        <TopoLevCd value="001" Sync="TRUE"></TopoLevCd>
      </topLvl>
    </VectSpatRep>
  </spatRepInfo>
  <mdDateSt Sync="TRUE">20121002</mdDateSt>
</metadata>